<?xml version="1.0" encoding="UTF-8"?>
<DeviceDescription xmlns="http://www.3s-software.com/schemas/DeviceDescription-1.0.xsd" xmlns:ts="http://www.3s-software.com/schemas/TargetSettings-0.1.xsd" xmlns:xsi="http://www.w3.org/2001/XMLSchema-instance">
  <Files namespace="localFiles">
    <Language lang="en">
      <File fileref="local" identifier="DeviceIcon">
        <LocalFile>Logo_emBRICK_small_col_16.ico</LocalFile>
      </File>
      <File fileref="local" identifier="DeviceBmp">
        <LocalFile>emBRICK_600.png</LocalFile>
      </File>
    </Language>
    </Files>  
	
	// local Types definition 
	
  <Types namespace="localTypes">  
  
	 //local Type definition WORD (including 2 Bytes)
	   <Type basetype="std:WORD" name="TWORD">
	     <Component identifier="Byte0" type="std:BYTE">
        <Default />
        <VisibleName name="local:">Byte0</VisibleName>
      </Component>
	     <Component identifier="Byte1" type="std:BYTE">
        <Default />
        <VisibleName name="local:">Byte1</VisibleName>
      </Component>
	    </Type>
	  
	//local Type definition BYTE (including 8 BITs)
	  
	  <BitfieldType basetype="std:BYTE" name="TBYTE">
      <Component identifier="Bit0" type="std:BOOL">
        <Default />
        <VisibleName name="local:">Bit0</VisibleName>
      </Component>
      <Component identifier="Bit1" type="std:BOOL">
        <Default />
        <VisibleName name="local:">Bit1</VisibleName>
      </Component>
      <Component identifier="Bit2" type="std:BOOL">
        <Default />
        <VisibleName name="local:">Bit2</VisibleName>
      </Component>
      <Component identifier="Bit3" type="std:BOOL">
        <Default />
        <VisibleName name="local:">Bit3</VisibleName>
      </Component>
      <Component identifier="Bit4" type="std:BOOL">
        <Default />
        <VisibleName name="local:">Bit4</VisibleName>
      </Component>
      <Component identifier="Bit5" type="std:BOOL">
        <Default />
        <VisibleName name="local:">Bit5</VisibleName>
      </Component>
      <Component identifier="Bit6" type="std:BOOL">
        <Default />
        <VisibleName name="local:">Bit6</VisibleName>
      </Component>
      <Component identifier="Bit7" type="std:BOOL">
        <Default />
        <VisibleName name="local:">Bit7</VisibleName>
      </Component>
    </BitfieldType>
	
	//local Type definition BYTE (including 6 BITs)
	
	<BitfieldType basetype="std:BYTE" name="TBYTE_6bit">
      <Component identifier="Bit0" type="std:BOOL">
        <Default />
        <VisibleName name="local:">Bit0</VisibleName>
      </Component>
      <Component identifier="Bit1" type="std:BOOL">
        <Default />
        <VisibleName name="local:">Bit1</VisibleName>
      </Component>
      <Component identifier="Bit2" type="std:BOOL">
        <Default />
        <VisibleName name="local:">Bit2</VisibleName>
      </Component>
      <Component identifier="Bit3" type="std:BOOL">
        <Default />
        <VisibleName name="local:">Bit3</VisibleName>
      </Component>
      <Component identifier="Bit4" type="std:BOOL">
        <Default />
        <VisibleName name="local:">Bit4</VisibleName>
      </Component>
      <Component identifier="Bit5" type="std:BOOL">
        <Default />
        <VisibleName name="local:">Bit5</VisibleName>
      </Component>
    </BitfieldType>
	
	//local Type definition BYTE (including 4 BITs)	
	
    <BitfieldType basetype="std:BYTE" name="TBYTE_4bit">
      <Component identifier="Bit0" type="std:BOOL">
        <Default />
        <VisibleName name="local:">Bit0</VisibleName>
      </Component>
      <Component identifier="Bit1" type="std:BOOL">
        <Default />
        <VisibleName name="local:">Bit1</VisibleName>
      </Component>
      <Component identifier="Bit2" type="std:BOOL">
        <Default />
        <VisibleName name="local:">Bit2</VisibleName>
      </Component>
      <Component identifier="Bit3" type="std:BOOL">
        <Default />
        <VisibleName name="local:">Bit3</VisibleName>
      </Component>
    </BitfieldType>
	
	//local Type definition BYTE (including 2 BITs)
	
    <BitfieldType basetype="std:BYTE" name="TBYTE_2bit">
      <Component identifier="Bit0" type="std:BOOL">
        <Default />
        <VisibleName name="local:">Bit0</VisibleName>
      </Component>
      <Component identifier="Bit1" type="std:BOOL">
        <Default />
        <VisibleName name="local:">Bit1</VisibleName>
      </Component>
    </BitfieldType>						
  </Types>
  <Strings namespace="local">
    <Language lang="en">
      <String identifier="ModelName">CAE_G-2Mi2Ao-01</String>
      <String identifier="DeviceDescription">This module offers 2 multifunctional inputs and 2 analog oututs. The inputs can be configurated via software as analog inputs (partly voltage/current selectable) or as digital/counting inputs. If so one channel supports a software sectable pull up.The outputs are factory configured with solder bridges as voltage or current outputs.</String>
      <String identifier="VendorName">emBRICK GmbH</String>
      <String identifier="typename">MyDevice_With_Lib</String>
      <String identifier="typedescription">
		A device that includes libs and automatically generates some FB instances from this libs.
      </String>
   </Language>
  </Strings>
  <Device hideInCatalogue="false">
    <DeviceIdentification>
      <Type>2470</Type>
      <Id>0001 2-470</Id>
      <Version>1.0</Version>
    </DeviceIdentification>
    <DeviceInfo>
      <Name name="local:ModelName">CAE_G-2Mi2Ao-01</Name>
      <Description name="local:DeviceDescription"> </Description>
      <Vendor name="local:VendorName">emBRICK GmbH</Vendor>
      <OrderNumber>VIM0-0194-00</OrderNumber>
      <Image name="localFiles:DeviceBmp" />
      <Icon name="localFiles:DeviceIcon" />
    </DeviceInfo>
    <Connector moduleType="40100" interface="MyCompany:Internal" role="child" explicit="false" connectorId="2" hostpath="-1">
      <InterfaceName name="local:PCI">PCI-Bus</InterfaceName>
      <Slot count="1" allowEmpty="false"></Slot>
      <HostParameterSet>
      <Parameter ParameterId="400001" type="std:WORD">
          <Attributes channel="diagack" download="true" functional="false" offlineaccess="read" onlineaccess="read" />
          <Default>2470</Default>
          <Name name="local:eDevID">Expected device ID</Name>
          <Description name="local:eDevID">Expected device ID of the emBRICK®-module</Description>
        </Parameter>
        <Parameter ParameterId="400002" type="std:WORD">
          <Attributes channel="diagack" download="true" functional="false" offlineaccess="readwrite" onlineaccess="read" />
          <Default>0</Default>
          <Name name="local:devID">Device ID</Name>
          <Description name="local:devID">Device ID of the emBRICK®-module</Description>
        </Parameter>
        <Parameter ParameterId="400003" type="std:BYTE">
          <Attributes channel="diagack" download="true" functional="false" offlineaccess="readwrite" onlineaccess="read" />
          <Default>0</Default>
          <Name name="local:dlout">Data Length Out</Name>
          <Description name="local:dlout">Size of Output-Buffer (MOSI)</Description>
        </Parameter>
        <Parameter ParameterId="400004" type="std:BYTE">
          <Attributes channel="diagack" download="true" functional="false" offlineaccess="readwrite" onlineaccess="read" />
          <Default>0</Default>
          <Name name="local:dlin">Data Length In</Name>
          <Description name="local:dlin">Size of Input-Buffer (MISO)</Description>
        </Parameter>
        <Parameter ParameterId="400005" type="std:BYTE">
          <Attributes channel="diagack" download="true" functional="false" offlineaccess="readwrite" onlineaccess="read" />
          <Default>0</Default>
          <Name name="local:pv">Protocol-Version</Name>
          <Description name="local:pv">Implemented emBRICK® Protocol-Version of the module</Description>
        </Parameter>
        <Parameter ParameterId="400006" type="std:BYTE">
          <Attributes channel="diagack" download="true" functional="false" offlineaccess="readwrite" onlineaccess="read" />
          <Default>0</Default>
          <Name name="local:hv">Hardware-Version</Name>
          <Description name="local:hv">Hardware Version of the emBRICK®-module</Description>
        </Parameter>
        <Parameter ParameterId="400007" type="std:WORD">
          <Attributes channel="diagack" download="true" functional="false" offlineaccess="readwrite" onlineaccess="read" />
          <Default>0</Default>
          <Name name="local:manID">Manufacturer ID</Name>
          <Description name="local:manID">Manufacturer ID of the emBRICK®-module</Description>
        </Parameter>
         <Parameter ParameterId="400008" type="std:BYTE">
          <Attributes channel="diagack" download="true" functional="false" offlineaccess="readwrite" onlineaccess="read" />
          <Default>0</Default>
          <Name name="local:doout">Data Offset Out</Name>
          <Description name="local:doout">Offset of Data Area(MOSI)</Description>
        </Parameter>
        <Parameter ParameterId="400009" type="std:BYTE">
          <Attributes channel="diagack" download="true" functional="false" offlineaccess="readwrite" onlineaccess="read" />
          <Default>0</Default>
          <Name name="local:doin">Data Offset In</Name>
          <Description name="local:doin">Offset of Data Area (MISO)</Description>
        </Parameter>
        <Parameter ParameterId="1000" type="std:BYTE">
          <Attributes channel="input"/>
          <Name name="local:status">status</Name>
          <Description>status of the module</Description>
        </Parameter>
  //Input Parameter
		<Parameter ParameterId="1001" type="std: WORD">
          <Attributes channel="input"/>
          <Name name="local:Analog In 1">Analog Input 1</Name>
          <Description>0-10V</Description>
        </Parameter>
		<Parameter ParameterId="1002" type="std: WORD">
          <Attributes channel="input"/>
          <Name name="local:Analog In 2">Analog Input 2</Name>
          <Description>0-10V</Description>
        </Parameter>
		<Parameter ParameterId="1003" type="std: WORD">
          <Attributes channel="input"/>
          <Name name="local:Pulse in Sum 1">Pulse in Sum 1</Name>
          <Description>Pulse Input Sum 1</Description>
        </Parameter>	
		<Parameter ParameterId="1004" type="std: WORD">
          <Attributes channel="input"/>
          <Name name="local:Pulse in difference 1">Puls Input Difference 1</Name>
          <Description>Puls Input Difference 1</Description>
        </Parameter>
		<Parameter ParameterId="1005" type="std: WORD">
          <Attributes channel="input"/>
          <Name name="local:Pulse in Sum 2">Pulse in Sum 2</Name>
          <Description>Pulse Input Sum 2</Description>
        </Parameter>	
		<Parameter ParameterId="1006" type="std: WORD">
          <Attributes channel="input"/>
          <Name name="local:Pulse in difference 2">Puls Input Difference 2</Name>
          <Description>Puls Input Difference 2</Description>
        </Parameter>
		<Parameter ParameterId="1007" type="localTypes:TBYTE_2bit">
          <Attributes channel="input"/>
          <Name name="local:Input Image">Input Image</Name>
          <Description>Input Image</Description>
        </Parameter>
  //Output Parameter
		<Parameter ParameterId="2000" type="std:WORD">
          <Attributes channel="output"/>
          <Name name="local:Analog Output 1">Analog Output 1</Name>
          <Description>0-10V</Description>
        </Parameter>
		<Parameter ParameterId="2001" type="std:WORD">
          <Attributes channel="output"/>
          <Name name="local:Analog Output 2">Analog Output 2</Name>
          <Description>0-10V</Description>
        </Parameter>
		<Parameter ParameterId="2002" type="std:WORD">
          <Attributes channel="output"/>
          <Name name="local:Pulse Input 1 Control">Pulse Input 1 Control</Name>
          <Description>Pulse Input 1 Control</Description>
        </Parameter>
		<Parameter ParameterId="2003" type="std:WORD">
          <Attributes channel="output"/>
          <Name name="local:Pulse Input 1 Attribute">Pulse Input 1 Attribute</Name>
          <Description>Pulse Input 1 Attribute</Description>
        </Parameter>
		<Parameter ParameterId="2004" type="std:WORD">
          <Attributes channel="output"/>
          <Name name="local:Pulse Input 2 Control">Pulse Input 2 Control</Name>
          <Description>Pulse Input 2 Control</Description>
        </Parameter>
		<Parameter ParameterId="2005" type="std:WORD">
          <Attributes channel="output"/>
          <Name name="local:Pulse Input 2 Attribute">Pulse Input 2 Attribute</Name>
          <Description>Pulse Input 2 Attribute</Description>
        </Parameter>
		<Parameter ParameterId="2006" type="std:WORD">
          <Attributes channel="output"/>
          <Name name="local:Input Mode Control">Input Mode Control</Name>
          <Description>Input Mode Control</Description>
        </Parameter>
		
      </HostParameterSet>
    </Connector>
  </Device>
</DeviceDescription>